{


    "start_latitude":

    [
        41.319768724456715,
        41.318119038617615,
        41.316469352778515,
        41.314819666939415

        
    ],

    "end_latitude":

        [
            41.31811903861763,
            41.31646935277853,
            41.31481966693943,
            41.31316998110033
            
        ],
    

    "start_longitude":

            [
                19.81439458236403,
                19.81235800502457,
                19.81032142768511,  
                19.80828485034565


            ],

    "end_longitude":

            [
                19.81235800502456,
                19.81032142768510,
                19.80828485034566,
                19.80624827300620




            ],




    "nights":
            [
                1,
                2,
                3,
                4
            ],
    
    "starting_from":[

        1,
        2,
        3,
        4,
        5,
        6,
        7,
        8,
        9,
        10,
        11,
        12,
        13,
        14,
        15,
        16,
        17,
        18,
        19,
        20,
        21,
        22,
        23,
        24,
        25,
        26,
        27,
        28,
        29,
        30

    ],

    "host":{
            "adults" : [
                1,
                2,
                3,
                4
            ]
        }

    



}
